[{"model": "autolims.organization", "pk": 1, "fields": {"name": "Default Organization", "subdomain": "default", "deleted_at": null, "created_at": "2017-01-18T20:28:47.516Z", "updated_at": "2017-01-18T20:28:47.516Z", "users": [1]}}, {"model": "autolims.project", "pk": 1, "fields": {"name": "Test Project", "bsl": 1, "organization": 1, "archived_at": null, "created_at": "2017-01-19T20:59:11.604Z", "updated_at": "2017-01-19T20:59:11.604Z"}}, {"model": "autolims.project", "pk": 2, "fields": {"name": "Test Project 2", "bsl": 1, "organization": 1, "archived_at": null, "created_at": "2017-01-19T21:05:38.454Z", "updated_at": "2017-01-19T21:05:38.454Z"}}, {"model": "autolims.project", "pk": 3, "fields": {"name": "Test Project 3", "bsl": 1, "organization": 1, "archived_at": null, "created_at": "2017-01-19T21:05:43.712Z", "updated_at": "2017-01-19T21:05:43.712Z"}}, {"model": "autolims.runcontainer", "pk": 1, "fields": {"run": 2, "container": 1, "container_label": "pGPS2 pcr primer rev"}}, {"model": "autolims.runcontainer", "pk": 2, "fields": {"run": 2, "container": 2, "container_label": "pGPS2 pcr primer fwd"}}, {"model": "autolims.runcontainer", "pk": 3, "fields": {"run": 3, "container": 3, "container_label": "pGPS2 pcr primer rev"}}, {"model": "autolims.runcontainer", "pk": 4, "fields": {"run": 3, "container": 4, "container_label": "pGPS2 pcr primer fwd"}}, {"model": "autolims.runcontainer", "pk": 5, "fields": {"run": 4, "container": 5, "container_label": "pGPS2 pcr primer rev"}}, {"model": "autolims.runcontainer", "pk": 6, "fields": {"run": 4, "container": 6, "container_label": "pGPS2 pcr primer fwd"}}, {"model": "autolims.runcontainer", "pk": 7, "fields": {"run": 5, "container": 7, "container_label": "pGPS2 pcr primer rev"}}, {"model": "autolims.runcontainer", "pk": 8, "fields": {"run": 5, "container": 8, "container_label": "pGPS2 pcr primer fwd"}}, {"model": "autolims.runcontainer", "pk": 9, "fields": {"run": 6, "container": 9, "container_label": "pGPS2 pcr primer rev"}}, {"model": "autolims.runcontainer", "pk": 10, "fields": {"run": 6, "container": 10, "container_label": "pGPS2 pcr primer fwd"}}, {"model": "autolims.runcontainer", "pk": 11, "fields": {"run": 7, "container": 11, "container_label": "pGPS2 pcr primer rev"}}, {"model": "autolims.runcontainer", "pk": 12, "fields": {"run": 7, "container": 12, "container_label": "pGPS2 pcr primer fwd"}}, {"model": "autolims.run", "pk": 2, "fields": {"title": "New Run", "status": "accepted", "test_mode": false, "project": 1, "owner": 1, "completed_at": null, "canceled_at": null, "aborted_at": null, "started_at": null, "created_at": "2017-01-20T18:34:37.288Z", "flagged": false, "properties": {}, "autoprotocol": {"refs": {"pGPS2 pcr primer rev": {"new": "micro-1.5", "store": {"where": "cold_20"}}, "pGPS2 pcr primer fwd": {"new": "micro-1.5", "store": {"where": "cold_20"}}}, "outs": {"pGPS2 pcr primer rev": {"0": {"name": "pGPS2 pcr primer rev", "properties": {"Concentration": "100uM"}}}, "pGPS2 pcr primer fwd": {"0": {"name": "pGPS2 pcr primer fwd", "properties": {"Concentration": "100uM"}}}}, "price": [{"price_each": 0.22, "description": "Total Base Pairs", "quantity": 40}, {"price_each": 0.25, "description": "Oligo Resuspension", "quantity": 2}], "instructions": [{"oligos": [{"destination": "pGPS2 pcr primer fwd/0", "scale": "25nm", "purification": "standard", "sequence": "CCAGCTCGTTGAGTTTCTCC"}, {"destination": "pGPS2 pcr primer rev/0", "scale": "25nm", "purification": "standard", "sequence": "CCAGCTCGTTGAGTTTCTCC"}], "op": "oligosynthesize"}, {"duration": "30.0:second", "acceleration": "2000:g", "object": "pGPS2 pcr primer fwd", "op": "spin"}, {"duration": "30.0:second", "acceleration": "2000:g", "object": "pGPS2 pcr primer rev", "op": "spin"}, {"to": [{"volume": "250.0:microliter", "well": "pGPS2 pcr primer fwd/0"}, {"volume": "250.0:microliter", "well": "pGPS2 pcr primer rev/0"}], "resource_id": "rs17pwyc754v9t", "op": "provision"}, {"duration": "30.0:second", "acceleration": "2000:g", "object": "pGPS2 pcr primer fwd", "op": "spin"}, {"duration": "30.0:second", "acceleration": "2000:g", "object": "pGPS2 pcr primer rev", "op": "spin"}]}, "updated_at": "2017-01-20T18:44:19.258Z"}}, {"model": "autolims.run", "pk": 3, "fields": {"title": "Test Mode In Progress Run", "status": "in_progress", "test_mode": true, "project": 1, "owner": 1, "completed_at": null, "canceled_at": null, "aborted_at": null, "started_at": null, "created_at": "2017-01-20T18:40:22.852Z", "flagged": false, "properties": {}, "autoprotocol": {"refs": {"pGPS2 pcr primer rev": {"new": "micro-1.5", "store": {"where": "cold_20"}}, "pGPS2 pcr primer fwd": {"new": "micro-1.5", "store": {"where": "cold_20"}}}, "outs": {"pGPS2 pcr primer rev": {"0": {"name": "pGPS2 pcr primer rev", "properties": {"Concentration": "100uM"}}}, "pGPS2 pcr primer fwd": {"0": {"name": "pGPS2 pcr primer fwd", "properties": {"Concentration": "100uM"}}}}, "price": [{"price_each": 0.22, "description": "Total Base Pairs", "quantity": 40}, {"price_each": 0.25, "description": "Oligo Resuspension", "quantity": 2}], "instructions": [{"oligos": [{"destination": "pGPS2 pcr primer fwd/0", "scale": "25nm", "purification": "standard", "sequence": "CCAGCTCGTTGAGTTTCTCC"}, {"destination": "pGPS2 pcr primer rev/0", "scale": "25nm", "purification": "standard", "sequence": "CCAGCTCGTTGAGTTTCTCC"}], "op": "oligosynthesize"}, {"duration": "30.0:second", "acceleration": "2000:g", "object": "pGPS2 pcr primer fwd", "op": "spin"}, {"duration": "30.0:second", "acceleration": "2000:g", "object": "pGPS2 pcr primer rev", "op": "spin"}, {"to": [{"volume": "250.0:microliter", "well": "pGPS2 pcr primer fwd/0"}, {"volume": "250.0:microliter", "well": "pGPS2 pcr primer rev/0"}], "resource_id": "rs17pwyc754v9t", "op": "provision"}, {"duration": "30.0:second", "acceleration": "2000:g", "object": "pGPS2 pcr primer fwd", "op": "spin"}, {"duration": "30.0:second", "acceleration": "2000:g", "object": "pGPS2 pcr primer rev", "op": "spin"}]}, "updated_at": "2017-01-20T18:44:32.103Z"}}, {"model": "autolims.run", "pk": 4, "fields": {"title": "Completed Run", "status": "complete", "test_mode": false, "project": 1, "owner": 1, "completed_at": null, "canceled_at": null, "aborted_at": null, "started_at": null, "created_at": "2017-01-20T18:41:17.072Z", "flagged": false, "properties": {}, "autoprotocol": {"refs": {"pGPS2 pcr primer rev": {"new": "micro-1.5", "store": {"where": "cold_20"}}, "pGPS2 pcr primer fwd": {"new": "micro-1.5", "store": {"where": "cold_20"}}}, "outs": {"pGPS2 pcr primer rev": {"0": {"name": "pGPS2 pcr primer rev", "properties": {"Concentration": "100uM"}}}, "pGPS2 pcr primer fwd": {"0": {"name": "pGPS2 pcr primer fwd", "properties": {"Concentration": "100uM"}}}}, "price": [{"price_each": 0.22, "description": "Total Base Pairs", "quantity": 40}, {"price_each": 0.25, "description": "Oligo Resuspension", "quantity": 2}], "instructions": [{"oligos": [{"destination": "pGPS2 pcr primer fwd/0", "scale": "25nm", "purification": "standard", "sequence": "CCAGCTCGTTGAGTTTCTCC"}, {"destination": "pGPS2 pcr primer rev/0", "scale": "25nm", "purification": "standard", "sequence": "CCAGCTCGTTGAGTTTCTCC"}], "op": "oligosynthesize"}, {"duration": "30.0:second", "acceleration": "2000:g", "object": "pGPS2 pcr primer fwd", "op": "spin"}, {"duration": "30.0:second", "acceleration": "2000:g", "object": "pGPS2 pcr primer rev", "op": "spin"}, {"to": [{"volume": "250.0:microliter", "well": "pGPS2 pcr primer fwd/0"}, {"volume": "250.0:microliter", "well": "pGPS2 pcr primer rev/0"}], "resource_id": "rs17pwyc754v9t", "op": "provision"}, {"duration": "30.0:second", "acceleration": "2000:g", "object": "pGPS2 pcr primer fwd", "op": "spin"}, {"duration": "30.0:second", "acceleration": "2000:g", "object": "pGPS2 pcr primer rev", "op": "spin"}]}, "updated_at": "2017-01-20T18:41:17.072Z"}}, {"model": "autolims.run", "pk": 5, "fields": {"title": "In Progress Run", "status": "accepted", "test_mode": false, "project": 1, "owner": 1, "completed_at": null, "canceled_at": null, "aborted_at": null, "started_at": null, "created_at": "2017-01-20T18:45:12.626Z", "flagged": false, "properties": {}, "autoprotocol": {"refs": {"pGPS2 pcr primer rev": {"new": "micro-1.5", "store": {"where": "cold_20"}}, "pGPS2 pcr primer fwd": {"new": "micro-1.5", "store": {"where": "cold_20"}}}, "outs": {"pGPS2 pcr primer rev": {"0": {"name": "pGPS2 pcr primer rev", "properties": {"Concentration": "100uM"}}}, "pGPS2 pcr primer fwd": {"0": {"name": "pGPS2 pcr primer fwd", "properties": {"Concentration": "100uM"}}}}, "price": [{"price_each": 0.22, "description": "Total Base Pairs", "quantity": 40}, {"price_each": 0.25, "description": "Oligo Resuspension", "quantity": 2}], "instructions": [{"oligos": [{"destination": "pGPS2 pcr primer fwd/0", "scale": "25nm", "purification": "standard", "sequence": "CCAGCTCGTTGAGTTTCTCC"}, {"destination": "pGPS2 pcr primer rev/0", "scale": "25nm", "purification": "standard", "sequence": "CCAGCTCGTTGAGTTTCTCC"}], "op": "oligosynthesize"}, {"duration": "30.0:second", "acceleration": "2000:g", "object": "pGPS2 pcr primer fwd", "op": "spin"}, {"duration": "30.0:second", "acceleration": "2000:g", "object": "pGPS2 pcr primer rev", "op": "spin"}, {"to": [{"volume": "250.0:microliter", "well": "pGPS2 pcr primer fwd/0"}, {"volume": "250.0:microliter", "well": "pGPS2 pcr primer rev/0"}], "resource_id": "rs17pwyc754v9t", "op": "provision"}, {"duration": "30.0:second", "acceleration": "2000:g", "object": "pGPS2 pcr primer fwd", "op": "spin"}, {"duration": "30.0:second", "acceleration": "2000:g", "object": "pGPS2 pcr primer rev", "op": "spin"}]}, "updated_at": "2017-01-20T18:45:12.626Z"}}, {"model": "autolims.run", "pk": 6, "fields": {"title": "Canceled Run", "status": "canceled", "test_mode": false, "project": 1, "owner": 1, "completed_at": null, "canceled_at": null, "aborted_at": null, "started_at": null, "created_at": "2017-01-20T18:45:54.721Z", "flagged": false, "properties": {}, "autoprotocol": {"refs": {"pGPS2 pcr primer rev": {"new": "micro-1.5", "store": {"where": "cold_20"}}, "pGPS2 pcr primer fwd": {"new": "micro-1.5", "store": {"where": "cold_20"}}}, "outs": {"pGPS2 pcr primer rev": {"0": {"name": "pGPS2 pcr primer rev", "properties": {"Concentration": "100uM"}}}, "pGPS2 pcr primer fwd": {"0": {"name": "pGPS2 pcr primer fwd", "properties": {"Concentration": "100uM"}}}}, "price": [{"price_each": 0.22, "description": "Total Base Pairs", "quantity": 40}, {"price_each": 0.25, "description": "Oligo Resuspension", "quantity": 2}], "instructions": [{"oligos": [{"destination": "pGPS2 pcr primer fwd/0", "scale": "25nm", "purification": "standard", "sequence": "CCAGCTCGTTGAGTTTCTCC"}, {"destination": "pGPS2 pcr primer rev/0", "scale": "25nm", "purification": "standard", "sequence": "CCAGCTCGTTGAGTTTCTCC"}], "op": "oligosynthesize"}, {"duration": "30.0:second", "acceleration": "2000:g", "object": "pGPS2 pcr primer fwd", "op": "spin"}, {"duration": "30.0:second", "acceleration": "2000:g", "object": "pGPS2 pcr primer rev", "op": "spin"}, {"to": [{"volume": "250.0:microliter", "well": "pGPS2 pcr primer fwd/0"}, {"volume": "250.0:microliter", "well": "pGPS2 pcr primer rev/0"}], "resource_id": "rs17pwyc754v9t", "op": "provision"}, {"duration": "30.0:second", "acceleration": "2000:g", "object": "pGPS2 pcr primer fwd", "op": "spin"}, {"duration": "30.0:second", "acceleration": "2000:g", "object": "pGPS2 pcr primer rev", "op": "spin"}]}, "updated_at": "2017-01-20T18:45:54.721Z"}}, {"model": "autolims.run", "pk": 7, "fields": {"title": "Aborted Run", "status": "aborted", "test_mode": false, "project": 1, "owner": 1, "completed_at": null, "canceled_at": null, "aborted_at": null, "started_at": null, "created_at": "2017-01-20T18:46:33.179Z", "flagged": false, "properties": {}, "autoprotocol": {"refs": {"pGPS2 pcr primer rev": {"new": "micro-1.5", "store": {"where": "cold_20"}}, "pGPS2 pcr primer fwd": {"new": "micro-1.5", "store": {"where": "cold_20"}}}, "outs": {"pGPS2 pcr primer rev": {"0": {"name": "pGPS2 pcr primer rev", "properties": {"Concentration": "100uM"}}}, "pGPS2 pcr primer fwd": {"0": {"name": "pGPS2 pcr primer fwd", "properties": {"Concentration": "100uM"}}}}, "price": [{"price_each": 0.22, "description": "Total Base Pairs", "quantity": 40}, {"price_each": 0.25, "description": "Oligo Resuspension", "quantity": 2}], "instructions": [{"oligos": [{"destination": "pGPS2 pcr primer fwd/0", "scale": "25nm", "purification": "standard", "sequence": "CCAGCTCGTTGAGTTTCTCC"}, {"destination": "pGPS2 pcr primer rev/0", "scale": "25nm", "purification": "standard", "sequence": "CCAGCTCGTTGAGTTTCTCC"}], "op": "oligosynthesize"}, {"duration": "30.0:second", "acceleration": "2000:g", "object": "pGPS2 pcr primer fwd", "op": "spin"}, {"duration": "30.0:second", "acceleration": "2000:g", "object": "pGPS2 pcr primer rev", "op": "spin"}, {"to": [{"volume": "250.0:microliter", "well": "pGPS2 pcr primer fwd/0"}, {"volume": "250.0:microliter", "well": "pGPS2 pcr primer rev/0"}], "resource_id": "rs17pwyc754v9t", "op": "provision"}, {"duration": "30.0:second", "acceleration": "2000:g", "object": "pGPS2 pcr primer fwd", "op": "spin"}, {"duration": "30.0:second", "acceleration": "2000:g", "object": "pGPS2 pcr primer rev", "op": "spin"}]}, "updated_at": "2017-01-20T18:46:33.179Z"}}, {"model": "autolims.container", "pk": 1, "fields": {"container_type_id": "micro-1.5", "barcode": null, "cover": null, "test_mode": false, "label": "pGPS2 pcr primer rev", "storage_condition": "cold_20", "status": "available", "expires_at": null, "properties": {}, "generated_by_run": 2, "organization": 1, "deleted_at": null, "created_at": "2017-01-20T18:34:37.296Z", "updated_at": "2017-01-20T18:34:37.296Z"}}, {"model": "autolims.container", "pk": 2, "fields": {"container_type_id": "micro-1.5", "barcode": null, "cover": null, "test_mode": false, "label": "pGPS2 pcr primer fwd", "storage_condition": "cold_20", "status": "available", "expires_at": null, "properties": {}, "generated_by_run": 2, "organization": 1, "deleted_at": null, "created_at": "2017-01-20T18:34:37.298Z", "updated_at": "2017-01-20T18:34:37.298Z"}}, {"model": "autolims.container", "pk": 3, "fields": {"container_type_id": "micro-1.5", "barcode": null, "cover": null, "test_mode": true, "label": "pGPS2 pcr primer rev", "storage_condition": "cold_20", "status": "available", "expires_at": null, "properties": {}, "generated_by_run": 3, "organization": 1, "deleted_at": null, "created_at": "2017-01-20T18:40:22.863Z", "updated_at": "2017-01-20T18:40:22.863Z"}}, {"model": "autolims.container", "pk": 4, "fields": {"container_type_id": "micro-1.5", "barcode": null, "cover": null, "test_mode": true, "label": "pGPS2 pcr primer fwd", "storage_condition": "cold_20", "status": "available", "expires_at": null, "properties": {}, "generated_by_run": 3, "organization": 1, "deleted_at": null, "created_at": "2017-01-20T18:40:22.866Z", "updated_at": "2017-01-20T18:40:22.866Z"}}, {"model": "autolims.container", "pk": 5, "fields": {"container_type_id": "micro-1.5", "barcode": null, "cover": null, "test_mode": false, "label": "pGPS2 pcr primer rev", "storage_condition": "cold_20", "status": "available", "expires_at": null, "properties": {}, "generated_by_run": 4, "organization": 1, "deleted_at": null, "created_at": "2017-01-20T18:41:17.079Z", "updated_at": "2017-01-20T18:41:17.079Z"}}, {"model": "autolims.container", "pk": 6, "fields": {"container_type_id": "micro-1.5", "barcode": null, "cover": null, "test_mode": false, "label": "pGPS2 pcr primer fwd", "storage_condition": "cold_20", "status": "available", "expires_at": null, "properties": {}, "generated_by_run": 4, "organization": 1, "deleted_at": null, "created_at": "2017-01-20T18:41:17.082Z", "updated_at": "2017-01-20T18:41:17.082Z"}}, {"model": "autolims.container", "pk": 7, "fields": {"container_type_id": "micro-1.5", "barcode": null, "cover": null, "test_mode": false, "label": "pGPS2 pcr primer rev", "storage_condition": "cold_20", "status": "available", "expires_at": null, "properties": {}, "generated_by_run": 5, "organization": 1, "deleted_at": null, "created_at": "2017-01-20T18:45:12.633Z", "updated_at": "2017-01-20T18:45:12.633Z"}}, {"model": "autolims.container", "pk": 8, "fields": {"container_type_id": "micro-1.5", "barcode": null, "cover": null, "test_mode": false, "label": "pGPS2 pcr primer fwd", "storage_condition": "cold_20", "status": "available", "expires_at": null, "properties": {}, "generated_by_run": 5, "organization": 1, "deleted_at": null, "created_at": "2017-01-20T18:45:12.635Z", "updated_at": "2017-01-20T18:45:12.635Z"}}, {"model": "autolims.container", "pk": 9, "fields": {"container_type_id": "micro-1.5", "barcode": null, "cover": null, "test_mode": false, "label": "pGPS2 pcr primer rev", "storage_condition": "cold_20", "status": "available", "expires_at": null, "properties": {}, "generated_by_run": 6, "organization": 1, "deleted_at": null, "created_at": "2017-01-20T18:45:54.728Z", "updated_at": "2017-01-20T18:45:54.728Z"}}, {"model": "autolims.container", "pk": 10, "fields": {"container_type_id": "micro-1.5", "barcode": null, "cover": null, "test_mode": false, "label": "pGPS2 pcr primer fwd", "storage_condition": "cold_20", "status": "available", "expires_at": null, "properties": {}, "generated_by_run": 6, "organization": 1, "deleted_at": null, "created_at": "2017-01-20T18:45:54.730Z", "updated_at": "2017-01-20T18:45:54.730Z"}}, {"model": "autolims.container", "pk": 11, "fields": {"container_type_id": "micro-1.5", "barcode": null, "cover": null, "test_mode": false, "label": "pGPS2 pcr primer rev", "storage_condition": "cold_20", "status": "available", "expires_at": null, "properties": {}, "generated_by_run": 7, "organization": 1, "deleted_at": null, "created_at": "2017-01-20T18:46:33.186Z", "updated_at": "2017-01-20T18:46:33.186Z"}}, {"model": "autolims.container", "pk": 12, "fields": {"container_type_id": "micro-1.5", "barcode": null, "cover": null, "test_mode": false, "label": "pGPS2 pcr primer fwd", "storage_condition": "cold_20", "status": "available", "expires_at": null, "properties": {}, "generated_by_run": 7, "organization": 1, "deleted_at": null, "created_at": "2017-01-20T18:46:33.187Z", "updated_at": "2017-01-20T18:46:33.187Z"}}, {"model": "autolims.instruction", "pk": 1, "fields": {"run": 2, "operation": {"oligos": [{"destination": "pGPS2 pcr primer fwd/0", "scale": "25nm", "purification": "standard", "sequence": "CCAGCTCGTTGAGTTTCTCC"}, {"destination": "pGPS2 pcr primer rev/0", "scale": "25nm", "purification": "standard", "sequence": "CCAGCTCGTTGAGTTTCTCC"}], "op": "oligosynthesize"}, "sequence_no": 0, "started_at": null, "completed_at": null, "created_at": "2017-01-20T18:34:37.289Z", "updated_at": "2017-01-20T18:34:37.289Z"}}, {"model": "autolims.instruction", "pk": 2, "fields": {"run": 2, "operation": {"duration": "30.0:second", "acceleration": "2000:g", "object": "pGPS2 pcr primer fwd", "op": "spin"}, "sequence_no": 1, "started_at": null, "completed_at": null, "created_at": "2017-01-20T18:34:37.291Z", "updated_at": "2017-01-20T18:34:37.291Z"}}, {"model": "autolims.instruction", "pk": 3, "fields": {"run": 2, "operation": {"duration": "30.0:second", "acceleration": "2000:g", "object": "pGPS2 pcr primer rev", "op": "spin"}, "sequence_no": 2, "started_at": null, "completed_at": null, "created_at": "2017-01-20T18:34:37.291Z", "updated_at": "2017-01-20T18:34:37.291Z"}}, {"model": "autolims.instruction", "pk": 4, "fields": {"run": 2, "operation": {"to": [{"volume": "250.0:microliter", "well": "pGPS2 pcr primer fwd/0"}, {"volume": "250.0:microliter", "well": "pGPS2 pcr primer rev/0"}], "resource_id": "rs17pwyc754v9t", "op": "provision"}, "sequence_no": 3, "started_at": null, "completed_at": null, "created_at": "2017-01-20T18:34:37.292Z", "updated_at": "2017-01-20T18:34:37.292Z"}}, {"model": "autolims.instruction", "pk": 5, "fields": {"run": 2, "operation": {"duration": "30.0:second", "acceleration": "2000:g", "object": "pGPS2 pcr primer fwd", "op": "spin"}, "sequence_no": 4, "started_at": null, "completed_at": null, "created_at": "2017-01-20T18:34:37.293Z", "updated_at": "2017-01-20T18:34:37.293Z"}}, {"model": "autolims.instruction", "pk": 6, "fields": {"run": 2, "operation": {"duration": "30.0:second", "acceleration": "2000:g", "object": "pGPS2 pcr primer rev", "op": "spin"}, "sequence_no": 5, "started_at": null, "completed_at": null, "created_at": "2017-01-20T18:34:37.293Z", "updated_at": "2017-01-20T18:34:37.293Z"}}, {"model": "autolims.instruction", "pk": 7, "fields": {"run": 3, "operation": {"oligos": [{"destination": "pGPS2 pcr primer fwd/0", "scale": "25nm", "purification": "standard", "sequence": "CCAGCTCGTTGAGTTTCTCC"}, {"destination": "pGPS2 pcr primer rev/0", "scale": "25nm", "purification": "standard", "sequence": "CCAGCTCGTTGAGTTTCTCC"}], "op": "oligosynthesize"}, "sequence_no": 0, "started_at": null, "completed_at": null, "created_at": "2017-01-20T18:40:22.856Z", "updated_at": "2017-01-20T18:40:22.856Z"}}, {"model": "autolims.instruction", "pk": 8, "fields": {"run": 3, "operation": {"duration": "30.0:second", "acceleration": "2000:g", "object": "pGPS2 pcr primer fwd", "op": "spin"}, "sequence_no": 1, "started_at": null, "completed_at": null, "created_at": "2017-01-20T18:40:22.857Z", "updated_at": "2017-01-20T18:40:22.857Z"}}, {"model": "autolims.instruction", "pk": 9, "fields": {"run": 3, "operation": {"duration": "30.0:second", "acceleration": "2000:g", "object": "pGPS2 pcr primer rev", "op": "spin"}, "sequence_no": 2, "started_at": null, "completed_at": null, "created_at": "2017-01-20T18:40:22.858Z", "updated_at": "2017-01-20T18:40:22.858Z"}}, {"model": "autolims.instruction", "pk": 10, "fields": {"run": 3, "operation": {"to": [{"volume": "250.0:microliter", "well": "pGPS2 pcr primer fwd/0"}, {"volume": "250.0:microliter", "well": "pGPS2 pcr primer rev/0"}], "resource_id": "rs17pwyc754v9t", "op": "provision"}, "sequence_no": 3, "started_at": null, "completed_at": null, "created_at": "2017-01-20T18:40:22.858Z", "updated_at": "2017-01-20T18:40:22.859Z"}}, {"model": "autolims.instruction", "pk": 11, "fields": {"run": 3, "operation": {"duration": "30.0:second", "acceleration": "2000:g", "object": "pGPS2 pcr primer fwd", "op": "spin"}, "sequence_no": 4, "started_at": null, "completed_at": null, "created_at": "2017-01-20T18:40:22.859Z", "updated_at": "2017-01-20T18:40:22.859Z"}}, {"model": "autolims.instruction", "pk": 12, "fields": {"run": 3, "operation": {"duration": "30.0:second", "acceleration": "2000:g", "object": "pGPS2 pcr primer rev", "op": "spin"}, "sequence_no": 5, "started_at": null, "completed_at": null, "created_at": "2017-01-20T18:40:22.860Z", "updated_at": "2017-01-20T18:40:22.860Z"}}, {"model": "autolims.instruction", "pk": 13, "fields": {"run": 4, "operation": {"oligos": [{"destination": "pGPS2 pcr primer fwd/0", "scale": "25nm", "purification": "standard", "sequence": "CCAGCTCGTTGAGTTTCTCC"}, {"destination": "pGPS2 pcr primer rev/0", "scale": "25nm", "purification": "standard", "sequence": "CCAGCTCGTTGAGTTTCTCC"}], "op": "oligosynthesize"}, "sequence_no": 0, "started_at": null, "completed_at": null, "created_at": "2017-01-20T18:41:17.074Z", "updated_at": "2017-01-20T18:41:17.074Z"}}, {"model": "autolims.instruction", "pk": 14, "fields": {"run": 4, "operation": {"duration": "30.0:second", "acceleration": "2000:g", "object": "pGPS2 pcr primer fwd", "op": "spin"}, "sequence_no": 1, "started_at": null, "completed_at": null, "created_at": "2017-01-20T18:41:17.075Z", "updated_at": "2017-01-20T18:41:17.075Z"}}, {"model": "autolims.instruction", "pk": 15, "fields": {"run": 4, "operation": {"duration": "30.0:second", "acceleration": "2000:g", "object": "pGPS2 pcr primer rev", "op": "spin"}, "sequence_no": 2, "started_at": null, "completed_at": null, "created_at": "2017-01-20T18:41:17.076Z", "updated_at": "2017-01-20T18:41:17.076Z"}}, {"model": "autolims.instruction", "pk": 16, "fields": {"run": 4, "operation": {"to": [{"volume": "250.0:microliter", "well": "pGPS2 pcr primer fwd/0"}, {"volume": "250.0:microliter", "well": "pGPS2 pcr primer rev/0"}], "resource_id": "rs17pwyc754v9t", "op": "provision"}, "sequence_no": 3, "started_at": null, "completed_at": null, "created_at": "2017-01-20T18:41:17.076Z", "updated_at": "2017-01-20T18:41:17.076Z"}}, {"model": "autolims.instruction", "pk": 17, "fields": {"run": 4, "operation": {"duration": "30.0:second", "acceleration": "2000:g", "object": "pGPS2 pcr primer fwd", "op": "spin"}, "sequence_no": 4, "started_at": null, "completed_at": null, "created_at": "2017-01-20T18:41:17.077Z", "updated_at": "2017-01-20T18:41:17.077Z"}}, {"model": "autolims.instruction", "pk": 18, "fields": {"run": 4, "operation": {"duration": "30.0:second", "acceleration": "2000:g", "object": "pGPS2 pcr primer rev", "op": "spin"}, "sequence_no": 5, "started_at": null, "completed_at": null, "created_at": "2017-01-20T18:41:17.077Z", "updated_at": "2017-01-20T18:41:17.078Z"}}, {"model": "autolims.instruction", "pk": 19, "fields": {"run": 5, "operation": {"oligos": [{"destination": "pGPS2 pcr primer fwd/0", "scale": "25nm", "purification": "standard", "sequence": "CCAGCTCGTTGAGTTTCTCC"}, {"destination": "pGPS2 pcr primer rev/0", "scale": "25nm", "purification": "standard", "sequence": "CCAGCTCGTTGAGTTTCTCC"}], "op": "oligosynthesize"}, "sequence_no": 0, "started_at": null, "completed_at": null, "created_at": "2017-01-20T18:45:12.628Z", "updated_at": "2017-01-20T18:45:12.628Z"}}, {"model": "autolims.instruction", "pk": 20, "fields": {"run": 5, "operation": {"duration": "30.0:second", "acceleration": "2000:g", "object": "pGPS2 pcr primer fwd", "op": "spin"}, "sequence_no": 1, "started_at": null, "completed_at": null, "created_at": "2017-01-20T18:45:12.628Z", "updated_at": "2017-01-20T18:45:12.628Z"}}, {"model": "autolims.instruction", "pk": 21, "fields": {"run": 5, "operation": {"duration": "30.0:second", "acceleration": "2000:g", "object": "pGPS2 pcr primer rev", "op": "spin"}, "sequence_no": 2, "started_at": null, "completed_at": null, "created_at": "2017-01-20T18:45:12.629Z", "updated_at": "2017-01-20T18:45:12.629Z"}}, {"model": "autolims.instruction", "pk": 22, "fields": {"run": 5, "operation": {"to": [{"volume": "250.0:microliter", "well": "pGPS2 pcr primer fwd/0"}, {"volume": "250.0:microliter", "well": "pGPS2 pcr primer rev/0"}], "resource_id": "rs17pwyc754v9t", "op": "provision"}, "sequence_no": 3, "started_at": null, "completed_at": null, "created_at": "2017-01-20T18:45:12.630Z", "updated_at": "2017-01-20T18:45:12.630Z"}}, {"model": "autolims.instruction", "pk": 23, "fields": {"run": 5, "operation": {"duration": "30.0:second", "acceleration": "2000:g", "object": "pGPS2 pcr primer fwd", "op": "spin"}, "sequence_no": 4, "started_at": null, "completed_at": null, "created_at": "2017-01-20T18:45:12.630Z", "updated_at": "2017-01-20T18:45:12.630Z"}}, {"model": "autolims.instruction", "pk": 24, "fields": {"run": 5, "operation": {"duration": "30.0:second", "acceleration": "2000:g", "object": "pGPS2 pcr primer rev", "op": "spin"}, "sequence_no": 5, "started_at": null, "completed_at": null, "created_at": "2017-01-20T18:45:12.631Z", "updated_at": "2017-01-20T18:45:12.631Z"}}, {"model": "autolims.instruction", "pk": 25, "fields": {"run": 6, "operation": {"oligos": [{"destination": "pGPS2 pcr primer fwd/0", "scale": "25nm", "purification": "standard", "sequence": "CCAGCTCGTTGAGTTTCTCC"}, {"destination": "pGPS2 pcr primer rev/0", "scale": "25nm", "purification": "standard", "sequence": "CCAGCTCGTTGAGTTTCTCC"}], "op": "oligosynthesize"}, "sequence_no": 0, "started_at": null, "completed_at": null, "created_at": "2017-01-20T18:45:54.723Z", "updated_at": "2017-01-20T18:45:54.723Z"}}, {"model": "autolims.instruction", "pk": 26, "fields": {"run": 6, "operation": {"duration": "30.0:second", "acceleration": "2000:g", "object": "pGPS2 pcr primer fwd", "op": "spin"}, "sequence_no": 1, "started_at": null, "completed_at": null, "created_at": "2017-01-20T18:45:54.724Z", "updated_at": "2017-01-20T18:45:54.724Z"}}, {"model": "autolims.instruction", "pk": 27, "fields": {"run": 6, "operation": {"duration": "30.0:second", "acceleration": "2000:g", "object": "pGPS2 pcr primer rev", "op": "spin"}, "sequence_no": 2, "started_at": null, "completed_at": null, "created_at": "2017-01-20T18:45:54.724Z", "updated_at": "2017-01-20T18:45:54.724Z"}}, {"model": "autolims.instruction", "pk": 28, "fields": {"run": 6, "operation": {"to": [{"volume": "250.0:microliter", "well": "pGPS2 pcr primer fwd/0"}, {"volume": "250.0:microliter", "well": "pGPS2 pcr primer rev/0"}], "resource_id": "rs17pwyc754v9t", "op": "provision"}, "sequence_no": 3, "started_at": null, "completed_at": null, "created_at": "2017-01-20T18:45:54.725Z", "updated_at": "2017-01-20T18:45:54.725Z"}}, {"model": "autolims.instruction", "pk": 29, "fields": {"run": 6, "operation": {"duration": "30.0:second", "acceleration": "2000:g", "object": "pGPS2 pcr primer fwd", "op": "spin"}, "sequence_no": 4, "started_at": null, "completed_at": null, "created_at": "2017-01-20T18:45:54.725Z", "updated_at": "2017-01-20T18:45:54.726Z"}}, {"model": "autolims.instruction", "pk": 30, "fields": {"run": 6, "operation": {"duration": "30.0:second", "acceleration": "2000:g", "object": "pGPS2 pcr primer rev", "op": "spin"}, "sequence_no": 5, "started_at": null, "completed_at": null, "created_at": "2017-01-20T18:45:54.726Z", "updated_at": "2017-01-20T18:45:54.726Z"}}, {"model": "autolims.instruction", "pk": 31, "fields": {"run": 7, "operation": {"oligos": [{"destination": "pGPS2 pcr primer fwd/0", "scale": "25nm", "purification": "standard", "sequence": "CCAGCTCGTTGAGTTTCTCC"}, {"destination": "pGPS2 pcr primer rev/0", "scale": "25nm", "purification": "standard", "sequence": "CCAGCTCGTTGAGTTTCTCC"}], "op": "oligosynthesize"}, "sequence_no": 0, "started_at": null, "completed_at": null, "created_at": "2017-01-20T18:46:33.180Z", "updated_at": "2017-01-20T18:46:33.180Z"}}, {"model": "autolims.instruction", "pk": 32, "fields": {"run": 7, "operation": {"duration": "30.0:second", "acceleration": "2000:g", "object": "pGPS2 pcr primer fwd", "op": "spin"}, "sequence_no": 1, "started_at": null, "completed_at": null, "created_at": "2017-01-20T18:46:33.181Z", "updated_at": "2017-01-20T18:46:33.181Z"}}, {"model": "autolims.instruction", "pk": 33, "fields": {"run": 7, "operation": {"duration": "30.0:second", "acceleration": "2000:g", "object": "pGPS2 pcr primer rev", "op": "spin"}, "sequence_no": 2, "started_at": null, "completed_at": null, "created_at": "2017-01-20T18:46:33.181Z", "updated_at": "2017-01-20T18:46:33.181Z"}}, {"model": "autolims.instruction", "pk": 34, "fields": {"run": 7, "operation": {"to": [{"volume": "250.0:microliter", "well": "pGPS2 pcr primer fwd/0"}, {"volume": "250.0:microliter", "well": "pGPS2 pcr primer rev/0"}], "resource_id": "rs17pwyc754v9t", "op": "provision"}, "sequence_no": 3, "started_at": null, "completed_at": null, "created_at": "2017-01-20T18:46:33.182Z", "updated_at": "2017-01-20T18:46:33.182Z"}}, {"model": "autolims.instruction", "pk": 35, "fields": {"run": 7, "operation": {"duration": "30.0:second", "acceleration": "2000:g", "object": "pGPS2 pcr primer fwd", "op": "spin"}, "sequence_no": 4, "started_at": null, "completed_at": null, "created_at": "2017-01-20T18:46:33.183Z", "updated_at": "2017-01-20T18:46:33.183Z"}}, {"model": "autolims.instruction", "pk": 36, "fields": {"run": 7, "operation": {"duration": "30.0:second", "acceleration": "2000:g", "object": "pGPS2 pcr primer rev", "op": "spin"}, "sequence_no": 5, "started_at": null, "completed_at": null, "created_at": "2017-01-20T18:46:33.183Z", "updated_at": "2017-01-20T18:46:33.183Z"}}, {"model": "autolims.resource", "pk": 1, "fields": {"name": "Methanol", "description": null, "storage_condition": "ambient", "sensitivities": [], "properties": {}, "kind": "Reagent", "transcriptic_id": "rs196bbr78dppk", "deleted_at": null, "created_at": "2017-01-18T20:28:47.523Z", "updated_at": "2017-01-18T20:28:47.523Z"}}, {"model": "autolims.resource", "pk": 2, "fields": {"name": "Reaction Buffer A", "description": null, "storage_condition": "cold_20", "sensitivities": ["Temperature"], "properties": {}, "kind": "Reagent", "transcriptic_id": "rs16pc9rd5sg5d", "deleted_at": null, "created_at": "2017-01-18T20:28:47.523Z", "updated_at": "2017-01-18T20:28:47.523Z"}}, {"model": "autolims.resource", "pk": 3, "fields": {"name": "LB Miller Amp 100", "description": null, "storage_condition": "cold_4", "sensitivities": [], "properties": {}, "kind": "Reagent", "transcriptic_id": "rs18s8x4qbsvjz", "deleted_at": null, "created_at": "2017-01-18T20:28:47.523Z", "updated_at": "2017-01-18T20:28:47.523Z"}}, {"model": "autolims.resource", "pk": 4, "fields": {"name": "TE", "description": null, "storage_condition": "cold_4", "sensitivities": [], "properties": {}, "kind": "Reagent", "transcriptic_id": "rs17pwyc754v9t", "deleted_at": null, "created_at": "2017-01-18T20:28:47.523Z", "updated_at": "2017-01-18T20:28:47.523Z"}}, {"model": "autolims.resource", "pk": 5, "fields": {"name": "Ampicillin 100mg/ml", "description": null, "storage_condition": "cold_20", "sensitivities": ["Temperature"], "properties": {}, "kind": "Reagent", "transcriptic_id": "rs17msfk8ujkca", "deleted_at": null, "created_at": "2017-01-18T20:28:47.523Z", "updated_at": "2017-01-18T20:28:47.523Z"}}, {"model": "autolims.resource", "pk": 6, "fields": {"name": "Q5 High GC Enhancer", "description": null, "storage_condition": "cold_20", "sensitivities": ["Temperature"], "properties": {}, "kind": "Reagent", "transcriptic_id": "rs16pcce8rva4a", "deleted_at": null, "created_at": "2017-01-18T20:28:47.523Z", "updated_at": "2017-01-18T20:28:47.523Z"}}, {"model": "autolims.resource", "pk": 7, "fields": {"name": "ATP", "description": null, "storage_condition": "cold_20", "sensitivities": [], "properties": {}, "kind": "Reagent", "transcriptic_id": "rs16pccshb6cb4", "deleted_at": null, "created_at": "2017-01-18T20:28:47.523Z", "updated_at": "2017-01-18T20:28:47.523Z"}}, {"model": "autolims.resource", "pk": 8, "fields": {"name": "pHSG298 100pg/ul", "description": null, "storage_condition": "cold_20", "sensitivities": [], "properties": {}, "kind": "NucleicAcid", "transcriptic_id": "rs18rx6a44qss7", "deleted_at": null, "created_at": "2017-01-18T20:28:47.523Z", "updated_at": "2017-01-18T20:28:47.523Z"}}, {"model": "autolims.resource", "pk": 9, "fields": {"name": "Penicillin-Streptomycin (5,000 U/mL)", "description": null, "storage_condition": "cold_20", "sensitivities": ["Temperature"], "properties": {}, "kind": "Reagent", "transcriptic_id": "rs196bavhs85mh", "deleted_at": null, "created_at": "2017-01-18T20:28:47.523Z", "updated_at": "2017-01-18T20:28:47.523Z"}}, {"model": "autolims.resource", "pk": 10, "fields": {"name": "M13 Reverse (-48) 100uM", "description": null, "storage_condition": "cold_20", "sensitivities": [], "properties": {}, "kind": "NucleicAcid", "transcriptic_id": "rs17tcph6e2qzh", "deleted_at": null, "created_at": "2017-01-18T20:28:47.523Z", "updated_at": "2017-01-18T20:28:47.523Z"}}, {"model": "autolims.resource", "pk": 11, "fields": {"name": "CutSmart Buffer 10x", "description": null, "storage_condition": "cold_20", "sensitivities": [], "properties": {}, "kind": "Reagent", "transcriptic_id": "rs17ta93g3y85t", "deleted_at": null, "created_at": "2017-01-18T20:28:47.523Z", "updated_at": "2017-01-18T20:28:47.523Z"}}, {"model": "autolims.resource", "pk": 12, "fields": {"name": "Glycerol 40%", "description": null, "storage_condition": "ambient", "sensitivities": [], "properties": {}, "kind": "Reagent", "transcriptic_id": "rs17rrhqpsxyh2", "deleted_at": null, "created_at": "2017-01-18T20:28:47.523Z", "updated_at": "2017-01-18T20:28:47.523Z"}}, {"model": "autolims.resource", "pk": 13, "fields": {"name": "FBS", "description": null, "storage_condition": "cold_20", "sensitivities": ["Temperature"], "properties": {}, "kind": "Reagent", "transcriptic_id": "rs196baqxcecxs", "deleted_at": null, "created_at": "2017-01-18T20:28:47.523Z", "updated_at": "2017-01-18T20:28:47.523Z"}}, {"model": "autolims.resource", "pk": 14, "fields": {"name": "DMEM + 10%(FBS, L-Glut, PS)", "description": null, "storage_condition": "cold_4", "sensitivities": ["Air"], "properties": {}, "kind": "Reagent", "transcriptic_id": "rs197gzgq2fufr", "deleted_at": null, "created_at": "2017-01-18T20:28:47.523Z", "updated_at": "2017-01-18T20:28:47.523Z"}}, {"model": "autolims.resource", "pk": 15, "fields": {"name": "Zymo DH5\u03b1", "description": null, "storage_condition": "cold_80", "sensitivities": ["Temperature"], "properties": {}, "kind": "Reagent", "transcriptic_id": "rs16pbj944fnny", "deleted_at": null, "created_at": "2017-01-18T20:28:47.523Z", "updated_at": "2017-01-18T20:28:47.523Z"}}, {"model": "autolims.resource", "pk": 16, "fields": {"name": "24% PEG 6000 Solution", "description": null, "storage_condition": "ambient", "sensitivities": [], "properties": {}, "kind": "Reagent", "transcriptic_id": "rs16pc9rd68sdt", "deleted_at": null, "created_at": "2017-01-18T20:28:47.523Z", "updated_at": "2017-01-18T20:28:47.523Z"}}, {"model": "autolims.resource", "pk": 17, "fields": {"name": "T4 DNA Ligase (NEB)", "description": null, "storage_condition": "cold_20", "sensitivities": ["Temperature"], "properties": {}, "kind": "Reagent", "transcriptic_id": "rs16pc8krr6ag7", "deleted_at": null, "created_at": "2017-01-18T20:28:47.523Z", "updated_at": "2017-01-18T20:28:47.523Z"}}, {"model": "autolims.resource", "pk": 18, "fields": {"name": "Water", "description": null, "storage_condition": "ambient", "sensitivities": [], "properties": {}, "kind": "Reagent", "transcriptic_id": "rs17gmh5wafm5p", "deleted_at": null, "created_at": "2017-01-18T20:28:47.523Z", "updated_at": "2017-01-18T20:28:47.523Z"}}, {"model": "autolims.resource", "pk": 19, "fields": {"name": "T4 Polynucleotide Kinase", "description": null, "storage_condition": "cold_20", "sensitivities": ["Temperature"], "properties": {}, "kind": "Reagent", "transcriptic_id": "rs16pc9rd5hsf6", "deleted_at": null, "created_at": "2017-01-18T20:28:47.523Z", "updated_at": "2017-01-18T20:28:47.523Z"}}, {"model": "autolims.resource", "pk": 20, "fields": {"name": "DMSO (Ultra-pure)", "description": null, "storage_condition": "cold_4", "sensitivities": [], "properties": {}, "kind": "Reagent", "transcriptic_id": "rs186hr8m38ntw", "deleted_at": null, "created_at": "2017-01-18T20:28:47.524Z", "updated_at": "2017-01-18T20:28:47.524Z"}}, {"model": "autolims.resource", "pk": 21, "fields": {"name": "HindIII-HF (NEB)", "description": null, "storage_condition": "cold_20", "sensitivities": ["Temperature"], "properties": {}, "kind": "Reagent", "transcriptic_id": "rs18nw6kpnp44v", "deleted_at": null, "created_at": "2017-01-18T20:28:47.524Z", "updated_at": "2017-01-18T20:28:47.524Z"}}, {"model": "autolims.resource", "pk": 22, "fields": {"name": "LB Miller Kan 50", "description": null, "storage_condition": "cold_4", "sensitivities": [], "properties": {}, "kind": "Reagent", "transcriptic_id": "rs18s8x88zz9ee", "deleted_at": null, "created_at": "2017-01-18T20:28:47.524Z", "updated_at": "2017-01-18T20:28:47.524Z"}}, {"model": "autolims.resource", "pk": 23, "fields": {"name": "Chloramphenicol", "description": null, "storage_condition": "cold_20", "sensitivities": ["Temperature"], "properties": {}, "kind": "Reagent", "transcriptic_id": "rs17p6t8ty2ny4", "deleted_at": null, "created_at": "2017-01-18T20:28:47.524Z", "updated_at": "2017-01-18T20:28:47.524Z"}}, {"model": "autolims.resource", "pk": 24, "fields": {"name": "SensiFAST SYBR No-ROX", "description": null, "storage_condition": "cold_20", "sensitivities": [], "properties": {}, "kind": "Reagent", "transcriptic_id": "rs17knkh7526ha", "deleted_at": null, "created_at": "2017-01-18T20:28:47.524Z", "updated_at": "2017-01-18T20:28:47.524Z"}}, {"model": "autolims.resource", "pk": 25, "fields": {"name": "SalI-HF (NEB)", "description": null, "storage_condition": "cold_20", "sensitivities": ["Temperature"], "properties": {}, "kind": "Reagent", "transcriptic_id": "rs18y5qx47z4v2", "deleted_at": null, "created_at": "2017-01-18T20:28:47.524Z", "updated_at": "2017-01-18T20:28:47.524Z"}}, {"model": "autolims.resource", "pk": 26, "fields": {"name": "LB Miller", "description": null, "storage_condition": "cold_4", "sensitivities": [], "properties": {}, "kind": "Reagent", "transcriptic_id": "rs17bafcbmyrmh", "deleted_at": null, "created_at": "2017-01-18T20:28:47.524Z", "updated_at": "2017-01-18T20:28:47.524Z"}}, {"model": "autolims.resource", "pk": 27, "fields": {"name": "Gibson Mix (2x)", "description": null, "storage_condition": "cold_20", "sensitivities": ["Temperature"], "properties": {}, "kind": "Reagent", "transcriptic_id": "rs16pfatkggmk5", "deleted_at": null, "created_at": "2017-01-18T20:28:47.524Z", "updated_at": "2017-01-18T20:28:47.524Z"}}, {"model": "autolims.resource", "pk": 28, "fields": {"name": "MEM", "description": null, "storage_condition": "cold_4", "sensitivities": ["Temperature"], "properties": {}, "kind": "Reagent", "transcriptic_id": "rs196bbjnnayuk", "deleted_at": null, "created_at": "2017-01-18T20:28:47.524Z", "updated_at": "2017-01-18T20:28:47.524Z"}}, {"model": "autolims.resource", "pk": 29, "fields": {"name": "M9 minimal media", "description": null, "storage_condition": "cold_4", "sensitivities": [], "properties": {}, "kind": "Reagent", "transcriptic_id": "rs18tmbm3am3ab", "deleted_at": null, "created_at": "2017-01-18T20:28:47.524Z", "updated_at": "2017-01-18T20:28:47.524Z"}}, {"model": "autolims.resource", "pk": 30, "fields": {"name": "SOC Medium", "description": null, "storage_condition": "cold_4", "sensitivities": ["Temperature"], "properties": {}, "kind": "Reagent", "transcriptic_id": "rs17tpdy56hfar", "deleted_at": null, "created_at": "2017-01-18T20:28:47.524Z", "updated_at": "2017-01-18T20:28:47.524Z"}}, {"model": "autolims.resource", "pk": 31, "fields": {"name": "Trypsin-EDTA (0.25%), phenol red", "description": null, "storage_condition": "cold_20", "sensitivities": ["Temperature"], "properties": {}, "kind": "Reagent", "transcriptic_id": "rs196bb2deuhsy", "deleted_at": null, "created_at": "2017-01-18T20:28:47.524Z", "updated_at": "2017-01-18T20:28:47.524Z"}}, {"model": "autolims.resource", "pk": 32, "fields": {"name": "Q5 High-Fidelity DNA Polymerase", "description": null, "storage_condition": "cold_20", "sensitivities": ["Temperature"], "properties": {}, "kind": "Reagent", "transcriptic_id": "rs16pcce8rdytv", "deleted_at": null, "created_at": "2017-01-18T20:28:47.524Z", "updated_at": "2017-01-18T20:28:47.524Z"}}, {"model": "autolims.resource", "pk": 33, "fields": {"name": "Kanamycin 50mg/ml", "description": null, "storage_condition": "cold_20", "sensitivities": ["Temperature"], "properties": {}, "kind": "Reagent", "transcriptic_id": "rs17msfpgpbqyv", "deleted_at": null, "created_at": "2017-01-18T20:28:47.524Z", "updated_at": "2017-01-18T20:28:47.524Z"}}, {"model": "autolims.resource", "pk": 34, "fields": {"name": "FastAP Thermosensitive Alkaline Phosphatase", "description": null, "storage_condition": "cold_20", "sensitivities": ["Temperature"], "properties": {}, "kind": "Reagent", "transcriptic_id": "rs16pc9925vae3", "deleted_at": null, "created_at": "2017-01-18T20:28:47.524Z", "updated_at": "2017-01-18T20:28:47.524Z"}}, {"model": "autolims.resource", "pk": 35, "fields": {"name": "Antarctic Phosphatase (NEB)", "description": null, "storage_condition": "cold_20", "sensitivities": ["Temperature"], "properties": {}, "kind": "Reagent", "transcriptic_id": "rs17sh65xxym4k", "deleted_at": null, "created_at": "2017-01-18T20:28:47.524Z", "updated_at": "2017-01-18T20:28:47.524Z"}}, {"model": "autolims.resource", "pk": 36, "fields": {"name": "Antarctic Phosphatase Reaction Buffer 10X (NEB)", "description": null, "storage_condition": "cold_20", "sensitivities": [], "properties": {}, "kind": "Reagent", "transcriptic_id": "rs17sh6bqyawz3", "deleted_at": null, "created_at": "2017-01-18T20:28:47.524Z", "updated_at": "2017-01-18T20:28:47.524Z"}}, {"model": "autolims.resource", "pk": 37, "fields": {"name": "pHSG298 0.5ug/ul", "description": null, "storage_condition": "cold_20", "sensitivities": [], "properties": {}, "kind": "NucleicAcid", "transcriptic_id": "rs18rx5pyh6fku", "deleted_at": null, "created_at": "2017-01-18T20:28:47.524Z", "updated_at": "2017-01-18T20:28:47.524Z"}}, {"model": "autolims.resource", "pk": 38, "fields": {"name": "Spectinomycin 100mg/ml", "description": null, "storage_condition": "cold_20", "sensitivities": ["Temperature"], "properties": {}, "kind": "Reagent", "transcriptic_id": "rs17pm6deqjep7", "deleted_at": null, "created_at": "2017-01-18T20:28:47.524Z", "updated_at": "2017-01-18T20:28:47.524Z"}}, {"model": "autolims.resource", "pk": 39, "fields": {"name": "NEBuffer 2.1 10X", "description": null, "storage_condition": "cold_20", "sensitivities": [], "properties": {}, "kind": "Reagent", "transcriptic_id": "rs17sh6krrzjqu", "deleted_at": null, "created_at": "2017-01-18T20:28:47.524Z", "updated_at": "2017-01-18T20:28:47.524Z"}}, {"model": "autolims.resource", "pk": 40, "fields": {"name": "Q5 Reaction Buffer", "description": null, "storage_condition": "cold_20", "sensitivities": ["Temperature"], "properties": {}, "kind": "Reagent", "transcriptic_id": "rs16pcce8rmke3", "deleted_at": null, "created_at": "2017-01-18T20:28:47.524Z", "updated_at": "2017-01-18T20:28:47.525Z"}}, {"model": "autolims.resource", "pk": 41, "fields": {"name": "pUC19 100pg/ul", "description": null, "storage_condition": "cold_20", "sensitivities": [], "properties": {}, "kind": "NucleicAcid", "transcriptic_id": "rs18rx59spw2t8", "deleted_at": null, "created_at": "2017-01-18T20:28:47.525Z", "updated_at": "2017-01-18T20:28:47.525Z"}}, {"model": "autolims.resource", "pk": 42, "fields": {"name": "Lipofectamine 2000", "description": null, "storage_condition": "cold_4", "sensitivities": ["Temperature"], "properties": {}, "kind": "Reagent", "transcriptic_id": "rs196bb7qetqmr", "deleted_at": null, "created_at": "2017-01-18T20:28:47.525Z", "updated_at": "2017-01-18T20:28:47.525Z"}}, {"model": "autolims.resource", "pk": 43, "fields": {"name": "pUC19 1mg/ml", "description": null, "storage_condition": "cold_20", "sensitivities": [], "properties": {}, "kind": "NucleicAcid", "transcriptic_id": "rs17tcqmncjfsh", "deleted_at": null, "created_at": "2017-01-18T20:28:47.525Z", "updated_at": "2017-01-18T20:28:47.525Z"}}, {"model": "autolims.resource", "pk": 44, "fields": {"name": "dNTP Mixture (10mM each)", "description": null, "storage_condition": "cold_20", "sensitivities": [], "properties": {}, "kind": "Reagent", "transcriptic_id": "rs186wj7fvknsr", "deleted_at": null, "created_at": "2017-01-18T20:28:47.525Z", "updated_at": "2017-01-18T20:28:47.525Z"}}, {"model": "autolims.resource", "pk": 45, "fields": {"name": "Phosphate Buffer Saline, pH 7.2", "description": null, "storage_condition": "ambient", "sensitivities": [], "properties": {}, "kind": "Reagent", "transcriptic_id": "rs194na2u3hfam", "deleted_at": null, "created_at": "2017-01-18T20:28:47.525Z", "updated_at": "2017-01-18T20:28:47.525Z"}}, {"model": "autolims.resource", "pk": 46, "fields": {"name": "M13 Forward (-41) 100uM", "description": null, "storage_condition": "cold_20", "sensitivities": [], "properties": {}, "kind": "NucleicAcid", "transcriptic_id": "rs17tcpqwqcaxe", "deleted_at": null, "created_at": "2017-01-18T20:28:47.525Z", "updated_at": "2017-01-18T20:28:47.525Z"}}, {"model": "autolims.resource", "pk": 47, "fields": {"name": "Opti-MEM I Reduced Serum Medium", "description": null, "storage_condition": "cold_4", "sensitivities": ["Temperature"], "properties": {}, "kind": "Reagent", "transcriptic_id": "rs196bbe9yqma8", "deleted_at": null, "created_at": "2017-01-18T20:28:47.525Z", "updated_at": "2017-01-18T20:28:47.526Z"}}, {"model": "autolims.resource", "pk": 48, "fields": {"name": "T4 DNA Ligase Reaction Buffer 10x (NEB)", "description": null, "storage_condition": "cold_20", "sensitivities": [], "properties": {}, "kind": "Reagent", "transcriptic_id": "rs17sh5rzz79ct", "deleted_at": null, "created_at": "2017-01-18T20:28:47.526Z", "updated_at": "2017-01-18T20:28:47.526Z"}}, {"model": "autolims.resource", "pk": 49, "fields": {"name": "TSS (Transformation & Storage solution) pH 6.5", "description": null, "storage_condition": "cold_4", "sensitivities": ["Temperature"], "properties": {}, "kind": "Reagent", "transcriptic_id": "rs19gme9ycpux6", "deleted_at": null, "created_at": "2017-01-18T20:28:47.526Z", "updated_at": "2017-01-18T20:28:47.526Z"}}, {"model": "autolims.resource", "pk": 50, "fields": {"name": "NEBuilder HiFi DNA Assembly Master Mix", "description": null, "storage_condition": "cold_20", "sensitivities": ["Temperature"], "properties": {}, "kind": "Reagent", "transcriptic_id": "rs18pc86ykcep6", "deleted_at": null, "created_at": "2017-01-18T20:28:47.526Z", "updated_at": "2017-01-18T20:28:47.526Z"}}, {"model": "autolims.resource", "pk": 51, "fields": {"name": "IPTG 100mM", "description": null, "storage_condition": "cold_4", "sensitivities": [], "properties": {}, "kind": "Reagent", "transcriptic_id": "rs18vwgfgxq597", "deleted_at": null, "created_at": "2017-01-18T20:28:47.526Z", "updated_at": "2017-01-18T20:28:47.526Z"}}]